"","Df","SumOfSqs","R2","F","Pr(>F)"
"timepoint",1,0.196554693751924,0.0950001547679713,0.734807952597277,0.735
"Residual",7,1.87243871191136,0.904999845232029,NA,NA
"Total",8,2.06899340566328,1,NA,NA
