"","Df","SumOfSqs","R2","F","Pr(>F)"
"timepoint",1,0.293424121165846,0.0537361816264579,1.1357547564023,0.3
"Residual",20,5.16703310308497,0.946263818373542,NA,NA
"Total",21,5.46045722425082,1,NA,NA
