"","Df","SumOfSqs","R2","F","Pr(>F)"
"timepoint",1,0.178091073617057,0.0669043929189389,0.645313868912192,0.804
"Residual",9,2.48378307017544,0.933095607081061,NA,NA
"Total",10,2.66187414379249,1,NA,NA
