"","Df","SumOfSqs","R2","F","Pr(>F)"
"timepoint",1,0.227704778970452,0.135945788394646,0.944008743215788,0.521
"Residual",6,1.44726273314866,0.864054211605354,NA,NA
"Total",7,1.67496751211911,1,NA,NA
