"","Df","SumOfSqs","R2","F","Pr(>F)"
"birthmode",1,0.165212778423543,0.0668016875905439,1.93275699383531,0.098
"Residual",27,2.30796992672311,0.933198312409456,NA,NA
"Total",28,2.47318270514665,1,NA,NA
