"","Df","SumOfSqs","R2","F","Pr(>F)"
"birthmode",1,0.0529253267890105,0.0187818558531364,0.535958254568421,0.926
"Residual",28,2.76497122203221,0.981218144146864,NA,NA
"Total",29,2.81789654882122,1,NA,NA
