"","Df","SumOfSqs","R2","F","Pr(>F)"
"birthmode",1,0.0301822766397073,0.0105624528001321,0.288230648220952,0.965
"Residual",27,2.82732413885214,0.989437547199868,NA,NA
"Total",28,2.85750641549185,1,NA,NA
