"","Df","SumOfSqs","R2","F","Pr(>F)"
"birthmode",1,0.153686871029362,0.0507163400504748,1.44249947527342,0.137
"Residual",27,2.8766357207903,0.949283659949525,NA,NA
"Total",28,3.03032259181966,1,NA,NA
