,Df,SumOfSqs,R2,F,Pr(>F)
breastfeeding,1,0.194198903,0.078521859,2.300749299,0.051
Residual,27,2.278983802,0.921478141,NA,NA
Total,28,2.473182705,1,NA,NA
