"","Df","SumOfSqs","R2","F","Pr(>F)"
"birthmode",1,0.153143788949908,0.0721431676752944,2.17706937593723,0.034
"Residual",28,1.96963226711662,0.927856832324706,NA,NA
"Total",29,2.12277605606653,1,NA,NA
