"","Df","SumOfSqs","R2","F","Pr(>F)"
"birthmode",1,0.14034164999732,0.0406211787075876,1.14321037817717,0.32
"Residual",27,3.31454701799463,0.959378821292412,NA,NA
"Total",28,3.45488866799195,1,NA,NA
