"","Df","SumOfSqs","R2","F","Pr(>F)"
"birthmode",1,0.146269687889805,0.0392318213351314,1.14334656556819,0.295
"Residual",28,3.58207334875692,0.960768178664869,NA,NA
"Total",29,3.72834303664672,1,NA,NA
