"","Df","SumOfSqs","R2","F","Pr(>F)"
"birthmode",1,0.112644539182679,0.0416527996691217,1.21696853742854,0.292
"Residual",28,2.59172443667239,0.958347200330878,NA,NA
"Total",29,2.70436897585507,1,NA,NA
