"","Df","SumOfSqs","R2","F","Pr(>F)"
"birthmode",1,0.125031049390664,0.0615218852574976,1.57331878387496,0.152
"Residual",24,1.90727093334851,0.938478114742502,NA,NA
"Total",25,2.03230198273917,1,NA,NA
