"","Df","SumOfSqs","R2","F","Pr(>F)"
"birthmode",1,0.0876501535683445,0.0249898712249367,0.692020014111003,0.55
"Residual",27,3.41977702680387,0.975010128775063,NA,NA
"Total",28,3.50742718037222,1,NA,NA
