"","Df","SumOfSqs","R2","F","Pr(>F)"
"birthmode",1,0.14835744845715,0.0451874746215083,1.18315044630347,0.279
"Residual",25,3.13479678177581,0.954812525378492,NA,NA
"Total",26,3.28315423023296,1,NA,NA
