"","Df","SumOfSqs","R2","F","Pr(>F)"
"birthmode",1,0.0325570909003483,0.0105502153588897,0.298555858654375,0.985
"Residual",28,3.05336009589103,0.98944978464111,NA,NA
"Total",29,3.08591718679138,1,NA,NA
