"","Df","SumOfSqs","R2","F","Pr(>F)"
"birthmode",1,0.205496756116562,0.032380713673478,0.836607799447871,0.637
"Residual",25,6.14077337828376,0.967619286326522,NA,NA
"Total",26,6.34627013440033,1,NA,NA
