"","Df","SumOfSqs","R2","F","Pr(>F)"
"birthmode",1,0.580568219809391,0.0653730192385949,1.95847602985895,0.023
"Residual",28,8.30028548055995,0.934626980761405,NA,NA
"Total",29,8.88085370036934,1,NA,NA
