"","Df","SumOfSqs","R2","F","Pr(>F)"
"birthmode",1,0.306392153442318,0.0441623851659554,1.15507028810597,0.283
"Residual",25,6.63146123221481,0.955837614834045,NA,NA
"Total",26,6.93785338565712,1,NA,NA
