"","Df","SumOfSqs","R2","F","Pr(>F)"
"birthmode",1,0.220313057726553,0.0388140924798395,0.888392170417415,0.607
"Residual",22,5.45579692322912,0.961185907520161,NA,NA
"Total",23,5.67610998095568,1,NA,NA
