"","Df","SumOfSqs","R2","F","Pr(>F)"
"birthmode",1,0.358772657630919,0.0472319302038336,1.38805454090235,0.136
"Residual",28,7.23720438761377,0.952768069796166,NA,NA
"Total",29,7.59597704524469,1,NA,NA
