"","Df","SumOfSqs","R2","F","Pr(>F)"
"birthmode",1,0.243873336795937,0.0282567279707772,0.81419486602627,0.655
"Residual",28,8.38675569598338,0.971743272029223,NA,NA
"Total",29,8.63062903277932,1,NA,NA
