"","Df","SumOfSqs","R2","F","Pr(>F)"
"birthmode",1,0.311742654009425,0.0645429904015812,1.58691288215761,0.077
"Residual",23,4.51825750665539,0.935457009598419,NA,NA
"Total",24,4.83000016066482,1,NA,NA
