"","Df","SumOfSqs","R2","F","Pr(>F)"
"birthmode",1,0.243119472200237,0.0364788447201677,0.984358213130158,0.432
"Residual",26,6.42155080629204,0.963521155279832,NA,NA
"Total",27,6.66467027849228,1,NA,NA
