"","Df","SumOfSqs","R2","F","Pr(>F)"
"birthmode",1,0.175463171085609,0.0254771152505406,0.732008696951775,0.83
"Residual",28,6.71162625643055,0.974522884749459,NA,NA
"Total",29,6.88708942751616,1,NA,NA
