"","Df","SumOfSqs","R2","F","Pr(>F)"
"birthmode",1,0.280169224536543,0.0485630200972777,1.17396053110274,0.236
"Residual",23,5.48901942920307,0.951436979902722,NA,NA
"Total",24,5.76918865373961,1,NA,NA
