"","Df","SumOfSqs","R2","F","Pr(>F)"
"birthmode",1,0.129023511080332,0.0223778195019681,0.549361173223007,0.955
"Residual",24,5.63666385041551,0.977622180498032,NA,NA
"Total",25,5.76568736149584,1,NA,NA
