"","Df","SumOfSqs","R2","F","Pr(>F)"
"birthmode",1,0.237571175183023,0.0320280468605049,0.926457950755213,0.513
"Residual",28,7.1800267888059,0.967971953139495,NA,NA
"Total",29,7.41759796398892,1,NA,NA
