"","Df","SumOfSqs","R2","F","Pr(>F)"
"timepoint",1,0.0836877510444163,0.161875233206475,0.772559120646309,0.533333333333333
"Residual",4,0.433301471993003,0.838124766793525,NA,NA
"Total",5,0.516989223037419,1,NA,NA
